date,site.name,sample.event,site,type,rep,budworm,nh4.mg.l,no3.mg.l,srp.mg.l,din.mg.l,doc.mg.l,col.volume.l,col.volume.mm,nh4.flux,no3.flux,srp.flux,din.flux,doc.flux,net.nh4.flux,net.no3.flux,net.srp.flux,net.din.flux,net.doc.flux,net.h2o.flux,c.n,n.p,c.p
11-Sep-15,Jungle,1,JC,TF,1,Low,0.010422188,0.031385939,1.383778423,0.041808127,243.5,0.14,4.317086287,0.000449935,0.001354958,0.059738909,0.001804893,10.51210511,-0.01774334,-0.019797507,0.049106778,-0.037540847,6.517875204,-12.64289556,6794.930849,0.066900262,454.5826529
11-Sep-15,Jungle,1,JC,TF,2,Low,,,NA,NA,NA,NA,NA,NA,NA,NA,NA,NA,NA,NA,NA,NA,NA,NA,NA,NA,NA
11-Sep-15,Jungle,1,JC,TF,3,Low,0.003388799,0.008798281,0.515387118,0.01218708,37,0.01,0.308363306,1.04E-05,2.71E-05,0.001589265,3.76E-05,0.114094423,-0.018182825,-0.021125334,-0.009042866,-0.039308159,-3.880135483,-16.65161854,3542.002402,0.052360015,185.4592986
11-Sep-15,Moonbeam,1,MB,TF,1,Low,0.010274408,0.035721914,1.26569163,0.045996322,121.4,0.4,12.33453225,0.0012673,0.004406131,0.156117142,0.005673431,14.97412215,-0.016925975,-0.016746334,0.145485011,-0.033672309,10.97989225,-4.625449594,3079.231729,0.080469046,247.7828401
11-Sep-15,Moonbeam,1,MB,TF,2,Low,0.006690751,0.024474212,1.356882432,0.031164963,137.5,0.14,4.317086287,0.000288845,0.001056573,0.058577785,0.001345418,5.935993645,-0.017904429,-0.020095892,0.047945654,-0.038000321,1.941763739,-12.64289556,5147.340216,0.050857857,261.7826902
11-Sep-15,Moonbeam,1,MB,TF,3,Low,0.008459489,0.031887805,1.244313999,0.040347294,105.8,0.13,4.008722981,0.000339117,0.001278294,0.049881101,0.001617411,4.241228914,-0.017854157,-0.019874171,0.03924897,-0.037728329,0.246999008,-12.95125886,3059.271645,0.071798949,219.6524888
11-Sep-15,Jack,1,JA,TF,1,Low,0.015775507,0.077782709,1.157567206,0.093558215,87,0.05,1.541816531,0.000243229,0.001199267,0.017847563,0.001442496,1.341380382,-0.017950046,-0.019953198,0.007215432,-0.037903244,-2.652849524,-15.41816531,1084.886021,0.178965522,194.1571936
11-Sep-15,Jack,1,JA,TF,2,Low,0.007992136,0.039401034,1.347259216,0.04739317,184.9,0.15,4.625449594,0.000369672,0.001822475,0.062316796,0.002192147,8.552456299,-0.017823603,-0.01932999,0.051684665,-0.037153593,4.558226393,-12.33453225,4551.640431,0.077892967,354.5407801
11-Sep-15,Jack,1,JA,TF,3,Low,0.013074833,0.034386065,1.273800688,0.047460898,142.7,0.42,12.95125886,0.001693355,0.004453428,0.164973224,0.006146784,18.4814464,-0.016499919,-0.016699037,0.154341094,-0.033198956,14.48721649,-4.008722981,3507.79993,0.082502693,289.4029421
11-Sep-15,Stand Up,1,SU,TF,1,Low,0.002731179,0.004045316,0.326360287,0.006776495,22.1,0.03,0.925089919,2.53E-05,3.74E-05,0.003019126,6.27E-05,0.204444872,-0.018168009,-0.021115042,-0.007613005,-0.039283051,-3.789785034,-16.03489192,3804.818664,0.045977087,174.9344789
11-Sep-15,Stand Up,1,SU,TF,2,Low,0.022053372,0.066678924,1.346241754,0.088732297,273.4,0.05,1.541816531,0.000340023,0.001028067,0.020756578,0.001368089,4.215326396,-0.017853252,-0.020124398,0.010124447,-0.037977651,0.221096491,-15.41816531,3594.707659,0.145946043,524.6333588
11-Sep-15,Stand Up,1,SU,TF,3,Low,0.008939773,0.029157064,1.128292761,0.038096837,116.1,0.2,6.167266125,0.00055134,0.001798194,0.069584817,0.002349533,7.160195971,-0.017641935,-0.019354271,0.058952686,-0.036996206,3.165966065,-10.79271572,3555.413272,0.07476542,265.821966
11-Sep-15,Hovey,1,HO,TF,1,High,0.019326837,0.038330879,1.290156654,0.057657716,136.5,0.4,12.33453225,0.002383875,0.004727935,0.159134789,0.00711181,16.83663652,-0.027373826,-0.036058613,0.102292685,-0.063432439,0.329948738,-20.35197821,2761.989405,0.098957484,273.319522
11-Sep-15,Hovey,1,HO,TF,2,High,0.013492311,0.035020777,1.368601837,0.048513088,173.5,0.56,17.26834515,0.002329899,0.006047509,0.236334889,0.008377407,29.96057883,-0.027427802,-0.034739039,0.179492785,-0.062166841,13.45389105,-15.41816531,4172.413566,0.078490204,327.4935932
11-Sep-15,Hovey,1,HO,TF,3,High,0.007824036,0.012481092,1.260534304,0.020305128,51.7,0.69,21.27706813,0.001664726,0.00265561,0.268204743,0.004320336,11.00024422,-0.028092975,-0.038130937,0.211362639,-0.066223912,-5.50644356,-11.40944233,2970.513966,0.03566849,105.9537475
11-Sep-15,Hurley,1,HU,TF,1,High,0.252665412,0.035622279,1.299939601,0.28828769,61.5,0.02,0.616726612,0.001558255,0.000219692,0.008017073,0.001777947,0.379286867,-0.028199446,-0.040566856,-0.04882503,-0.068766301,-16.12740092,-32.06978385,248.8833289,0.491062288,122.2172168
11-Sep-15,Hurley,1,HU,TF,2,High,0.022457919,0.025902316,1.391651168,0.048360235,60.4,0.02,0.616726612,0.000138504,0.000159746,0.008582683,0.00029825,0.372502874,-0.029619197,-0.040626801,-0.04825942,-0.070245998,-16.13418491,-32.06978385,1457.12002,0.076946997,112.1210092
11-Sep-15,Hurley,1,HU,TF,3,High,0.023654935,0.048497354,1.580920877,0.072152289,103.7,0.12,3.700359675,0.000875318,0.001794577,0.058499759,0.002669894,3.837272983,-0.028882383,-0.038991971,0.001657655,-0.067874354,-12.6694148,-28.98615079,1676.777484,0.101058683,169.4529249
11-Sep-15,Blue,1,BC,TF,1,High,0.041012582,0.082657451,1.378262251,0.123670032,266.8,0.25,7.709082656,0.003161694,0.006372131,0.106251376,0.009533825,20.56783253,-0.026596007,-0.034414417,0.049409273,-0.061010423,4.061144743,-24.97742781,2516.912631,0.198685545,500.0741572
11-Sep-15,Blue,1,BC,TF,2,High,,,NA,0,NA,0.14,4.317086287,NA,NA,NA,NA,NA,NA,NA,NA,NA,NA,NA,NA,NA,NA
11-Sep-15,Blue,1,BC,TF,3,High,0.595249,,14.2,0.595249,240.2,0.04,1.233453225,0.007342118,NA,0.175150358,NA,2.962754646,-0.022415582,NA,0.118308254,NA,-13.54393314,-31.45305724,470.7833752,0.092820518,43.69835681
11-Sep-15,Cougar,1,BG,TF,1,High,,,NA,NA,NA,NA,NA,NA,NA,NA,NA,NA,NA,NA,NA,NA,NA,NA,NA,NA,NA
11-Sep-15,Cougar,1,BG,TF,2,High,0.1572921,0.236737678,1.229732573,0.394029778,330.2,0.2,6.167266125,0.009700622,0.014600243,0.07584088,0.024300865,20.36431274,-0.020057078,-0.026186305,0.018998777,-0.046243383,3.857624961,-26.51924434,977.6756849,0.709499389,693.660301
11-Sep-15,Cougar,1,BG,TF,3,High,0.128583656,0.132958442,2.354375027,0.261542098,230.3,0.05,1.541816531,0.001982524,0.002049975,0.036300143,0.004032499,3.550803471,-0.027775176,-0.038736573,-0.02054196,-0.066511749,-12.95588431,-31.14469393,1027.304345,0.245979899,252.6962187
15-Oct-15,Jungle,2,JC,TF,1,Low,0.01926126,0.050416254,1.337064909,0.069677513,213.1,0.12,3.700359675,0.000712736,0.001865583,0.049476211,0.002578319,7.885466467,-0.000547632,0.001457997,0.049183666,0.000910365,5.321579758,-14.03053043,3568.10475,0.115391498,411.7289518
15-Oct-15,Jungle,2,JC,TF,2,Low,0.035948357,0.107820862,1.295882883,0.143769219,540,0.04,1.233453225,0.000443406,0.00132992,0.015984109,0.001773326,6.660647415,-0.000816962,0.000922334,0.015691564,0.000105373,4.096760705,-16.49743688,4382.02284,0.245659643,1076.486169
15-Oct-15,Jungle,2,JC,TF,3,Low,,,NA,NA,NA,NA,NA,NA,NA,NA,NA,NA,NA,NA,NA,NA,NA,NA,NA,NA,NA
15-Oct-15,Jack,2,JA,TF,1,Low,0.009335083,0.123419189,1.183419479,0.132754272,648.8,0.06,1.850179837,0.000172716,0.002283477,0.021895389,0.002456193,12.00396679,-0.001087652,0.001875891,0.021602844,0.000788239,9.440080076,-15.88071027,5701.762514,0.248395344,1416.291262
15-Oct-15,Jack,2,JA,TF,2,Low,0.011333804,0.031622112,1.317065774,0.042955915,172.2,0.04,1.233453225,0.000139797,0.000390044,0.01624539,0.000529841,2.124006453,-0.001120571,-1.75E-05,0.015952845,-0.001138112,-0.439880256,-16.49743688,4676.887885,0.072218618,337.7583783
15-Oct-15,Jack,2,JA,TF,3,Low,0.015402363,0.032987482,1.222170537,0.048389845,209,0.14,4.317086287,0.000664933,0.001424098,0.052762157,0.002089031,9.022710341,-0.000595435,0.001016512,0.052469612,0.000421078,6.458823631,-13.41380382,5038.935999,0.087671025,441.7686815
15-Oct-15,Moonbeam,2,MB,TF,1,Low,0.014085277,0.021558961,0.676034433,0.035644238,71.2,0.21,6.475629431,0.00091211,0.001396078,0.043777485,0.002308189,4.610648155,-0.000348258,0.000988493,0.04348494,0.000640235,2.046761445,-11.25526068,2330.437444,0.11674927,272.0768712
15-Oct-15,Moonbeam,2,MB,TF,2,Low,0.00778155,0.024108883,1.325588381,0.031890433,140.2,0.05,1.541816531,0.000119977,0.000371715,0.020438141,0.000491692,2.161626777,-0.001140391,-3.59E-05,0.020145596,-0.001176262,-0.402259933,-16.18907358,5129.019979,0.053270329,273.2245835
15-Oct-15,Moonbeam,2,MB,TF,3,Low,0.014906377,0.029788087,1.519962902,0.044694464,114,0.21,6.475629431,0.000965282,0.001928966,0.098427165,0.002894248,7.382217552,-0.000295086,0.00152138,0.09813462,0.001226294,4.818330842,-11.25526068,2975.760022,0.065111006,193.7547289
15-Oct-15,Stand Up,2,SU,TF,1,Low,0.017939555,0.057272628,1.047904555,0.075212183,258,0.1,3.083633062,0.00055319,0.001766078,0.032313531,0.002319268,7.955773301,-0.000707178,0.001358492,0.032020987,0.000651314,5.391886591,-14.64725705,4002.011192,0.158927893,636.031208
15-Oct-15,Stand Up,2,SU,TF,2,Low,,,NA,NA,NA,NA,NA,NA,NA,NA,NA,NA,NA,NA,NA,NA,NA,NA,NA,NA,NA
15-Oct-15,Stand Up,2,SU,TF,3,Low,0.012383963,0.036858492,0.605759575,0.049242455,123,0.14,4.317086287,0.000534626,0.001591213,0.026151164,0.002125839,5.310016134,-0.000725741,0.001183627,0.025858619,0.000457886,2.746129424,-13.41380382,2914.151999,0.180000235,524.5480441
11-Oct-15,Blue,2,BC,TF,1,High,0.294505534,0.028027866,0.595204233,0.3225334,21.8,0.04,1.233453225,0.003632588,0.000345711,0.007341566,0.003978299,0.268892803,0.002886727,-0.000329583,0.002787234,0.002557144,-0.491376929,-14.64725705,78.85488252,1.199892507,94.61738271
11-Oct-15,Blue,2,BC,TF,2,High,,,NA,NA,NA,NA,NA,NA,NA,NA,NA,NA,NA,NA,NA,NA,NA,NA,NA,NA,NA
11-Oct-15,Blue,2,BC,TF,3,High,,,NA,NA,NA,NA,NA,NA,NA,NA,NA,NA,NA,NA,NA,NA,NA,NA,NA,NA,NA
11-Oct-15,Hurley,2,HU,TF,1,High,0.005474339,0.027396843,1.278008383,0.032871182,91.4,0.2,6.167266125,0.000337617,0.001689636,0.078818178,0.002027253,5.636881238,-0.000408244,0.001014343,0.074263846,0.000606098,4.876611507,-9.713444147,3243.97619,0.056952827,184.7536133
11-Oct-15,Hurley,2,HU,TF,2,High,0.014166555,0.043286805,1.365015559,0.05745336,186.9,0.12,3.700359675,0.000524214,0.001601767,0.050510485,0.002125981,6.915972233,-0.000221648,0.000926474,0.045956154,0.000704826,6.155702501,-12.1803506,3795.25234,0.093199051,353.7139169
11-Oct-15,Hurley,2,HU,TF,3,High,0.063499107,0.068756502,1.336294701,0.132255609,287,0.05,1.541816531,0.00097904,0.001060099,0.020603213,0.002039139,4.425013445,0.000233179,0.000384805,0.016048881,0.000617984,3.664743713,-14.33889374,2531.713665,0.219152037,554.8302077
11-Oct-15,Cougar,2,BG,TF,1,High,0.009261194,0.017525583,1.103674571,0.026786776,65.7,0.05,1.541816531,0.000142791,0.000270212,0.017016637,0.000413003,1.012973461,-0.000603071,-0.000405081,0.012462305,-0.001008152,0.252703729,-14.33889374,2861.486539,0.053741907,153.7817437
11-Oct-15,Cougar,2,BG,TF,2,High,0.025359943,0.065723165,1.36296532,0.091083108,161.3,0.04,1.233453225,0.000312803,0.000810664,0.01681154,0.001123468,1.989560052,-0.000433058,0.000135371,0.012257208,-0.000297687,1.22929032,-14.64725705,2066.061843,0.147974436,305.7243355
11-Oct-15,Cougar,2,BG,TF,3,High,,,NA,NA,NA,NA,NA,NA,NA,NA,NA,NA,NA,NA,NA,NA,NA,NA,NA,NA,NA
11-Oct-15,Hovey,2,HO,TF,1,High,0.01169494,0.021558961,1.26343571,0.033253902,60.3,0.25,7.709082656,0.000901573,0.001661998,0.097399303,0.002563571,4.648576842,0.000155711,0.000986704,0.092844971,0.001142416,3.88830711,-8.171627616,2115.541236,0.05828048,123.2947579
11-Oct-15,Hovey,2,HO,TF,2,High,0.014306946,0.041711093,1.341565808,0.056018039,129.8,0.2,6.167266125,0.000882347,0.002572434,0.082737934,0.003454782,8.00511143,0.000136486,0.00189714,0.078183602,0.002033627,7.244841699,-9.713444147,2703.295844,0.092459083,249.9442552
11-Oct-15,Hovey,2,HO,TF,3,High,0.014225667,0.049205871,1.28957681,0.063431538,141.9,0.05,1.541816531,0.000219334,0.000758664,0.019882908,0.000977998,2.187837658,-0.000526527,8.34E-05,0.015328577,-0.000443157,1.427567926,-14.33889374,2609.900448,0.108916001,284.2599193
8-Nov-15,Cougar,4,BG,TF,1,High,0.006770786,0.012556561,0.382078727,0.019327346,886.6,1.41,43.47922618,0.002943885,0.005459495,0.166124874,0.008403381,385.4868193,0.002368489,-0.000690661,0.132059314,0.001677828,385.3135191,-43.17086287,53518.29708,0.112009029,5994.532463
8-Nov-15,Cougar,4,BG,TF,2,High,0.004834709,0.007616267,0.798176601,0.012450976,27.6,1.07,32.99487377,0.001595206,0.002512978,0.263357362,0.004108184,9.10658516,0.00101981,-0.003637178,0.229291802,-0.002617369,8.933284982,-53.65521529,2586.142649,0.034541251,89.32860211
8-Nov-15,Cougar,4,BG,TF,3,High,0.095910355,0.163894111,67.72842017,0.259804465,88.1,0.55,16.95998184,0.016266379,0.027796411,11.48672776,0.04406279,14.941744,0.015690982,0.021646255,11.4526622,0.037337238,14.76844383,-69.69010721,395.6180398,0.008493943,3.360356939
8-Nov-15,Hurley,4,HU,TF,1,High,0.000981389,0.008138299,0.175898695,0.009119689,67.7,3.04,93.7424451,0.000919978,0.007629041,0.164891738,0.008549019,63.46363533,0.000344582,0.001478885,0.130826178,0.001823467,63.29033515,7.092356044,8660.749009,0.114802421,994.2749507
8-Nov-15,Hurley,4,HU,TF,2,High,0.00311145,0.008321529,0.857662308,0.011432979,102.1,2.38,73.39046689,0.002283508,0.006107209,0.629442372,0.008390717,74.93166669,0.001708111,-4.29E-05,0.595376812,0.001665165,74.75836651,-13.25962217,10418.68982,0.029517309,307.5316833
8-Nov-15,Hurley,4,HU,TF,3,High,0.010155153,0.018157173,0.814116912,0.028312327,71.8,2.24,69.0733806,0.007014508,0.012541774,0.562338073,0.019556281,49.59468727,0.006439111,0.006391618,0.528272513,0.012830729,49.42138709,-17.57670846,2958.66416,0.077005624,227.83378
8-Nov-15,Hovey,4,HO,TF,1,High,0.003279068,0.010803776,0.326752372,0.014082844,13.4,2.32,71.54028705,0.002345855,0.007729052,0.233759585,0.010074907,9.586398465,0.001770458,0.001578896,0.199694025,0.003349355,9.413098286,-15.10980201,1110.097746,0.095434472,105.9415925
8-Nov-15,Hovey,4,HO,TF,2,High,0.005677505,0.010312858,0.581286136,0.015990363,38.9,1.76,54.2719419,0.003081292,0.005596988,0.315475274,0.008678281,21.1117854,0.002505896,-0.000553168,0.281409714,0.001952728,20.93848522,-32.37814716,2838.167724,0.060911883,172.8781411
8-Nov-15,Hovey,4,HO,TF,3,High,0.009142856,0.012525446,0.284250981,0.021668302,41,2.13,65.68138423,0.006005155,0.008226886,0.186699979,0.014232041,26.92936753,0.005429758,0.00207673,0.152634419,0.007506489,26.75606736,-20.96870482,2207.525642,0.168793833,372.6167141
8-Nov-15,Blue,4,BC,TF,1,High,0.014357833,0.022976466,2.828196066,0.0373343,112.7,0.64,19.7352516,0.002833555,0.004534463,0.558151609,0.007368018,22.24162855,0.002258158,-0.001615693,0.52408605,0.000642466,22.06832837,-66.91483746,3521.783837,0.029230225,102.942533
8-Nov-15,Blue,4,BC,TF,2,High,0.004530549,0.014091543,0.560442902,0.018622093,46.7,1.63,50.26321892,0.0022772,0.007082863,0.281696643,0.009360063,23.47292323,0.001701803,0.000932707,0.247631083,0.002634511,23.29962306,-36.38687014,2925.736348,0.073575084,215.2612982
8-Nov-15,Blue,4,BC,TF,3,High,0.011942446,0.009517709,0.327402997,0.021460155,27.4,2.87,88.50026889,0.010569097,0.008423198,0.289752533,0.018992295,24.24907368,0.0099937,0.002273042,0.255686973,0.012266743,24.0757735,1.850179837,1489.582258,0.145138914,216.1963511
8-Nov-15,Moonbeam,4,MB,TF,1,Low,0.003922229,0.004771017,0.193400506,0.008693247,12.1,1.76,54.2719419,0.00212867,0.002589324,0.10496221,0.004717994,6.56690497,0.001606231,0.000637243,0.104009436,0.002504694,5.058083312,-18.81016168,1623.865893,0.099530928,161.624879
8-Nov-15,Moonbeam,4,MB,TF,2,Low,0.007254805,0.012494332,0.986741645,0.019749137,49.4,1.35,41.62904634,0.003020106,0.005201271,0.410771137,0.008221377,20.56474889,0.002497667,0.00324919,0.409818363,0.006008077,19.05592724,-31.45305724,2918.271045,0.044317812,129.3313881
8-Nov-15,Moonbeam,4,MB,TF,3,Low,0.00978696,0.006852233,0.39848377,0.016639192,28.6,1.7,52.42176206,0.005130497,0.003592061,0.208892214,0.008722558,14.99262395,0.004608058,0.00163998,0.20793944,0.006509258,13.48380229,-20.66034152,2005.305668,0.092460292,185.4111483
8-Nov-15,Jack,4,JA,TF,1,Low,0.009001606,0.015968786,0.605405731,0.024970392,38.8,1.49,45.94613263,0.00413589,0.00733704,0.27816052,0.011472929,17.82709946,0.003613451,0.005384959,0.277207746,0.009259629,16.3182778,-27.13597095,1812.813651,0.091329795,165.5638989
8-Nov-15,Jack,4,JA,TF,2,Low,0.011025258,0.015754441,0.870535387,0.026779699,44.7,1.52,46.87122255,0.005167673,0.007384299,0.408030579,0.012551972,20.95143648,0.004645234,0.005432219,0.407077805,0.010338672,19.44261482,-26.21088103,1947.370639,0.068116594,132.648255
8-Nov-15,Jack,4,JA,TF,3,Low,0.006206725,0.01154361,0.267381207,0.017750335,23.9,1.21,37.31196006,0.002315851,0.004307147,0.099765169,0.006622998,8.917558453,0.001793412,0.002355066,0.098812395,0.004409698,7.408736796,-35.77014352,1570.86239,0.14699729,230.9125142
8-Nov-15,Stand Up,4,SU,TF,1,Low,0.006524068,0.012891906,0.133273468,0.019415974,29.1,1.45,44.71267941,0.002917086,0.005764317,0.059590139,0.008681402,13.01138971,0.002394647,0.003812236,0.058637365,0.006468102,11.50256805,-28.36942417,1748.560249,0.322588689,564.0657583
8-Nov-15,Stand Up,4,SU,TF,2,Low,0.073307763,0.038282157,2.649097747,0.11158992,150.9,0.03,0.925089919,0.000678163,0.000354144,0.024506536,0.001032307,1.395960687,0.000155724,-0.001597936,0.023553762,-0.001180993,-0.11286097,-72.15701366,1577.651455,0.093274009,147.1538755
8-Nov-15,Stand Up,4,SU,TF,3,Low,0.003615245,0.00614697,0.053520795,0.009762215,9.5,1.81,55.81375843,0.002017804,0.003430855,0.029871967,0.005448659,5.302307051,0.001495365,0.001478774,0.028919193,0.003235359,3.793485393,-17.26834515,1135.329802,0.403886614,458.5445093
8-Nov-15,Jungle,4,JC,TF,1,Low,0.019864728,0.008169414,0.298496661,0.028034142,65.8,1.53,47.17958586,0.009372097,0.003854296,0.140829489,0.013226392,31.04416749,0.008849658,0.001902215,0.139876715,0.011013092,29.53534584,-25.90251772,2738.327646,0.207960787,569.4647724
8-Nov-15,Jungle,4,JC,TF,2,Low,0.016472828,0.022233175,2.034526608,0.038706003,12.8,1.48,45.63776932,0.007517831,0.010146725,0.92851256,0.017664556,5.841634474,0.006995392,0.008194644,0.927559786,0.015451256,4.332812816,-27.44433426,385.8144027,0.042125843,16.25275705
8-Nov-15,Jungle,4,JC,TF,3,Low,0.01211383,0.013261823,0.540877681,0.025375653,14.7,1.62,49.95485561,0.006051446,0.006624924,0.270194665,0.012676371,7.343363775,0.005529008,0.004672844,0.269241891,0.010463071,5.834542117,-23.12724797,675.8446759,0.103884756,70.20995933
21-Jun-16,Cougar,7,BG,TF,1,High,,,NA,NA,NA,NA,NA,NA,NA,NA,NA,NA,NA,NA,NA,NA,NA,NA,NA,NA,NA
21-Jun-16,Cougar,7,BG,TF,2,High,0.10298396,0.022701327,2.936729059,0.125685287,255.9,0.2,6.167266125,0.006351295,0.001400051,0.181115896,0.007751346,15.78228918,0.005155268,-0.013749086,0.176436401,-0.008593818,14.73801697,-7.709082656,2375.415891,0.094766364,225.1095267
21-Jun-16,Cougar,7,BG,TF,3,High,0.104804497,0.050112621,6.636809789,0.154917118,278.1,0.09,2.775269756,0.002908607,0.00139076,0.184189375,0.004299368,7.717696534,0.001712581,-0.013758377,0.179509879,-0.012045796,6.673424324,-11.10107902,2094.256517,0.051686092,108.243935
21-Jun-16,Hurley,7,HU,TF,1,High,0.066888111,0.03953914,3.490641208,0.10642725,236,0.05,1.541816531,0.001031292,0.000609621,0.053819283,0.001640913,3.637976336,-0.000164735,-0.014539516,0.049139788,-0.014704251,2.593704126,-12.33453225,2586.551439,0.067512049,174.6233874
21-Jun-16,Hurley,7,HU,TF,2,High,0.020033723,0.0313584,2.249017723,0.051392122,195.2,0.27,8.325809269,0.00166797,0.002610841,0.187248926,0.00427881,16.25235423,0.000471943,-0.012538297,0.182569431,-0.012066354,15.20808202,-5.550539512,4431.390892,0.050598464,224.2215714
21-Jun-16,Hurley,7,HU,TF,3,High,0.02125616,0.023498907,1.925877419,0.044755068,430,0.31,9.559262494,0.002031932,0.002246322,0.184099678,0.004278254,41.10448769,0.000835905,-0.012902815,0.179420182,-0.012066909,40.06021547,-4.317086287,11209.06593,0.051457329,576.788588
21-Jun-16,Hovey,7,HO,TF,1,High,0.063564636,0.065726369,1.775942255,0.129291006,185.9,0.18,5.550539512,0.00352818,0.003648168,0.098574377,0.007176348,10.31657091,0.002332153,-0.011500969,0.093894881,-0.009168816,9.272298696,-8.325809269,1677.176023,0.161203004,270.3658134
21-Jun-16,Hovey,7,HO,TF,2,High,0.081912062,0.028915809,2.927164396,0.110827871,239.7,0.27,8.325809269,0.006819842,0.002407475,0.243710125,0.009227317,19.95872193,0.005623815,-0.012741662,0.239030629,-0.007117847,18.91444972,-5.550539512,2523.504406,0.083836963,211.5629448
21-Jun-16,Hovey,7,HO,TF,3,High,0.169402783,0.100747912,2.148334517,0.270150696,151,0.31,9.559262494,0.016193657,0.009630757,0.205364936,0.025824414,14.43051872,0.01499763,-0.00551838,0.20068544,0.00947925,13.38624651,-4.317086287,651.9259285,0.278443986,181.5248543
21-Jun-16,Blue,7,BC,TF,1,High,0.155719804,0.059268182,4.597236329,0.214987986,270,0.23,7.092356044,0.011044203,0.00420351,0.326052369,0.015247713,19.15062835,0.009848176,-0.010945627,0.321372873,-0.00109745,18.10635614,-6.783992737,1465.295101,0.103550218,151.7316276
21-Jun-16,Blue,7,BC,TF,2,High,0.303693602,0.072810436,4.10181103,0.376504039,215.9,0.3,9.250899187,0.028094389,0.00673562,0.379454403,0.034830009,19.97246537,0.026898362,-0.008413517,0.374774908,0.018484845,18.92819316,-4.625449594,668.9980921,0.20324864,135.9729525
21-Jun-16,Blue,7,BC,TF,3,High,0.097243659,0.036841766,0.088006028,0.134085426,762.5,0.09,2.775269756,0.002698774,0.001022458,0.002442405,0.003721232,21.16031078,0.001502747,-0.014126679,-0.002237091,-0.012623932,20.11603857,-11.10107902,6634.100608,3.373671665,22381.27724
21-Jun-16,Jack,7,JA,TF,1,Low,0.017594276,0.049154417,1.982950607,0.066748693,356.7,0.16,4.9338129,0.000868069,0.002425187,0.097835073,0.003293256,17.59972346,-0.057004539,-0.023256242,0.051378353,-0.080260781,16.17336169,-9.559262494,6234.866995,0.074535733,464.7203803
21-Jun-16,Jack,7,JA,TF,2,Low,0.014835421,0.031009458,0.832140109,0.045844879,311.9,0.22,6.783992737,0.001006434,0.002103679,0.056452325,0.003110113,21.15801928,-0.056866174,-0.023577749,0.009995605,-0.080443923,19.73165752,-7.709082656,7936.802894,0.121991067,968.2190571
21-Jun-16,Jack,7,JA,TF,3,Low,0.019406669,0.093325982,2.341807056,0.112732651,166.7,0.1,3.083633062,0.00059843,0.002877831,0.072212737,0.003476261,5.140778593,-0.057274177,-0.022803598,0.025756017,-0.080077775,3.714416828,-11.40944233,1725.294656,0.106593879,183.9058499
21-Jun-16,Moonbeam,7,MB,TF,1,Low,0.004895761,0.01077085,0.783880939,0.015666611,76.5,0.34,10.48435241,0.000513289,0.001129254,0.08218484,0.001642543,8.020147565,-0.057359319,-0.024552175,0.035728121,-0.081911493,6.5937858,-4.008722981,5696.557325,0.04425462,252.0989821
21-Jun-16,Moonbeam,7,MB,TF,2,Low,0.015162973,0.024041705,1.836720236,0.039204678,411.2,0.14,4.317086287,0.000654599,0.001037901,0.079292797,0.0016925,17.75221265,-0.057218009,-0.024643527,0.032836078,-0.081861536,16.32585089,-10.17598911,12236.87893,0.047263789,578.3612655
21-Jun-16,Moonbeam,7,MB,TF,3,Low,0.005683876,0.011463194,0.623121967,0.017147071,44.5,0.35,10.79271572,0.000613445,0.00123719,0.067251783,0.001850635,4.799376223,-0.057259163,-0.024444239,0.020795063,-0.081703402,3.373014458,-3.700359675,3025.595833,0.060932715,184.3577689
21-Jun-16,Stand Up,7,SU,TF,1,Low,0.020934038,0.035695244,1.194846637,0.056629282,503.9,0.17,5.242176206,0.001097399,0.001871208,0.062635966,0.002968607,26.4154563,-0.056775208,-0.023810221,0.016179247,-0.080585429,24.98909454,-9.250899187,10381.31189,0.104945192,1089.468767
21-Jun-16,Stand Up,7,SU,TF,2,Low,0.022316632,0.037290405,1.869554875,0.059607037,354.6,0.12,3.700359675,0.000825796,0.001379879,0.069180255,0.002205675,13.12322083,-0.057046812,-0.024301549,0.022723535,-0.081348361,11.69685907,-10.79271572,6941.378884,0.070598094,490.0481208
21-Jun-16,Stand Up,7,SU,TF,3,Low,0.007926973,0.018984823,0.921248863,0.026911795,108.4,0.2,6.167266125,0.000488878,0.001170845,0.056815869,0.001659722,6.683214739,-0.05738373,-0.024510584,0.01035915,-0.081894314,5.256852974,-8.325809269,4697.825105,0.064684372,303.875866
21-Jun-16,Jungle,7,JC,TF,1,Low,0.064008912,0.017151495,1.621261081,0.081160407,217.8,0.15,4.625449594,0.0029607,0.000793334,0.074990614,0.003754034,10.07213049,-0.054911908,-0.024888095,0.028533895,-0.079800002,8.645768728,-9.8676258,3130.184696,0.110847249,346.9723612
21-Jun-16,Jungle,7,JC,TF,2,Low,0.09363697,0.272454832,20.52930036,0.366091802,1199.8,0.02,0.616726612,0.000577484,0.001680301,0.126609659,0.002257786,7.399318834,-0.057295124,-0.024001127,0.080152939,-0.081296251,5.972957069,-13.87634878,3823.453721,0.039486579,150.9751088
21-Jun-16,Jungle,7,JC,TF,3,Low,0.0303507,0.079562178,6.831250901,0.109912878,311.9,0.02,0.616726612,0.000187181,0.000490681,0.042130142,0.000677862,1.923783528,-0.057685427,-0.025190747,-0.004326577,-0.082876174,0.497421763,-13.87634878,3311.019388,0.035627225,117.9624337
21-Jul-16,Cougar,9,BG,TF,1,High,,,NA,NA,NA,NA,NA,NA,NA,NA,NA,NA,NA,NA,NA,NA,NA,NA,NA,NA,NA
21-Jul-16,Cougar,9,BG,TF,2,High,0.043592976,0.057833363,1.184861445,0.101426339,115.8,0.05,1.541816531,0.000672124,0.000891684,0.01826839,0.001563808,1.784792489,-0.001812799,-0.003081835,0.016488636,-0.004894634,1.526493997,-1.541816531,1331.530349,0.189546968,252.3875405
21-Jul-16,Cougar,9,BG,TF,3,High,0.049219355,0.115991147,1.168797586,0.165210502,276.4,0.05,1.541816531,0.000758872,0.001788371,0.018020714,0.002547243,4.261348999,-0.00172605,-0.002185149,0.016240961,-0.003911199,4.003050507,-1.541816531,1951.747111,0.31299111,610.8794952
21-Jul-16,Hurley,9,HU,TF,1,High,0.023718069,0.071191457,1.085423697,0.094909526,195.4,0.16,4.9338129,0.001170205,0.003512453,0.053552774,0.004682658,9.641496081,-0.001314717,-0.000461066,0.051773021,-0.001775784,9.38319759,1.850179837,2402.142339,0.193617302,465.0963185
21-Jul-16,Hurley,9,HU,TF,2,High,0.012555428,0.042218358,0.865919303,0.054773786,74.4,0.17,5.242176206,0.000658178,0.002213161,0.045393016,0.002871338,3.898054288,-0.001826745,-0.001760359,0.043613262,-0.003587104,3.639755796,2.158543144,1583.836316,0.140064798,221.8397133
21-Jul-16,Hurley,9,HU,TF,3,High,0.027256889,0.045782397,0.597442338,0.073039286,71.3,0.17,5.242176206,0.001428854,0.002399994,0.03131898,0.003828848,3.73562602,-0.001056068,-0.001573526,0.029539227,-0.002629594,3.477327529,2.158543144,1138.261509,0.270703692,308.1315929
21-Jul-16,Hovey,9,HO,TF,1,High,0.012065667,0.043934551,1.02794743,0.056000218,87.3,0.02,0.616726612,7.44E-05,0.000270956,0.006339625,0.000345368,0.53858972,-0.00241051,-0.003702563,0.004559872,-0.006113074,0.280291229,-2.46690645,1819.375931,0.120629206,219.4698737
21-Jul-16,Hovey,9,HO,TF,2,High,0.01232191,0.109225115,0.981946197,0.121547025,91.2,0.03,0.925089919,0.000113989,0.001010431,0.009083885,0.001124419,0.843625388,-0.002370934,-0.002963089,0.007304132,-0.005334023,0.585326897,-2.158543144,875.3226146,0.274088175,239.915578
21-Jul-16,Hovey,9,HO,TF,3,High,0.004127615,0.046233779,0.681775618,0.050361394,82.6,0.09,2.775269756,0.000114552,0.001283112,0.018921113,0.001397665,2.293183976,-0.00237037,-0.002690407,0.017141359,-0.005060777,2.034885485,-0.308363306,1914.179852,0.163564834,313.0925095
21-Jul-16,Blue,9,BC,TF,1,High,0.040972557,0.083435201,1.172460717,0.124407758,NA,0.01,0.308363306,0.000126344,0.000257284,0.003615439,0.000383628,NA,-0.002358578,-0.003716236,0.001835685,-0.006074814,NA,NA,NA,0.234953989,NA
21-Jul-16,Blue,9,BC,TF,2,High,,,NA,NA,NA,NA,NA,NA,NA,NA,NA,NA,NA,NA,NA,NA,NA,NA,NA,NA,NA
21-Jul-16,Blue,9,BC,TF,3,High,,,NA,NA,NA,NA,NA,NA,NA,NA,NA,NA,NA,NA,NA,NA,NA,NA,NA,NA,NA
21-Jul-16,Jack,9,JA,TF,1,Low,0.002507093,0.030035738,0.643057039,0.032542831,90.8,0.55,16.95998184,0.000425202,0.005094056,0.109062357,0.005519258,15.40557957,-0.026859464,-0.01800483,0.108838034,-0.044864294,14.43624857,-10.02180745,3256.447762,0.11205713,364.9081893
21-Jul-16,Jack,9,JA,TF,2,Low,0.003334593,0.030886782,0.778168686,0.034221376,71.2,0.82,25.28579111,0.000843178,0.007809967,0.196766108,0.008653146,17.99620815,-0.026441488,-0.015288919,0.196541785,-0.041730407,17.02687715,-1.695998184,2426.351909,0.097377219,236.2714023
21-Jul-16,Jack,9,JA,TF,3,Low,b.d.,0.027886971,0.12609968,0.027886971,51.1,1.32,40.70395642,NA,0.0113511,0.051327559,0.0113511,20.78644216,NA,-0.011747786,0.051103235,-0.039032452,19.81711117,13.72216713,2136.431556,0.489689752,1046.188639
21-Jul-16,Moonbeam,9,MB,TF,1,Low,b.d.,0.014989663,0.239032339,0.014989663,37.7,1.59,49.02976569,NA,0.007349397,0.117196996,0.007349397,18.47325263,NA,-0.01574949,0.116972672,-0.043034156,17.50392163,22.0479764,2932.503065,0.138857347,407.1995957
21-Jul-16,Moonbeam,9,MB,TF,2,Low,b.d.,0.018506683,0.362248722,0.018506683,51.8,1.23,37.92868667,NA,0.007019342,0.137396183,0.007019342,19.64961567,NA,-0.016079544,0.137171859,-0.04336421,18.68028467,10.94689737,3265.91184,0.113124164,369.4535472
21-Jul-16,Moonbeam,9,MB,TF,3,Low,b.d.,0.041265625,0.191917102,0.041265625,21.1,1.14,35.15341691,NA,0.014506277,0.067465419,0.014506277,7.415742645,NA,-0.008592609,0.067241096,-0.035877275,6.446411647,8.171627616,596.4107587,0.476111208,283.9578469
21-Jul-16,Stand Up,9,SU,TF,1,Low,,,NA,NA,NA,NA,NA,NA,NA,NA,NA,NA,NA,NA,NA,NA,NA,NA,NA,NA,NA
21-Jul-16,Stand Up,9,SU,TF,2,Low,0.003023497,0.028916687,0.517868353,0.031940184,273.3,0.52,16.03489192,0.000484814,0.004636759,0.083039631,0.005121574,43.82456713,-0.026799852,-0.018462127,0.082815307,-0.045261978,42.85523613,-10.94689737,9982.997896,0.136568863,1363.366675
21-Jul-16,Stand Up,9,SU,TF,3,Low,b.d.,0.019574014,0.144466872,0.019574014,20.2,0.88,27.13597095,NA,0.005311599,0.039202488,0.005311599,5.486688014,-0.027284666,-0.017787287,0.038978165,-0.045071953,4.517357016,0.154181653,1205.124162,0.3000166,361.5572538
21-Jul-16,Jungle,9,JC,TF,1,Low,0.004441062,0.038616703,0.316693488,0.043057766,23.7,1.44,44.4043161,0.001972023,0.017147483,0.140625577,0.019119506,10.54385393,-0.025312643,-0.005951403,0.140401254,-0.031264046,9.574522928,17.4225268,643.3828713,0.301055118,193.6937063
21-Jul-16,Jungle,9,JC,TF,2,Low,,,NA,NA,NA,NA,NA,NA,NA,NA,NA,NA,NA,NA,NA,NA,NA,NA,NA,NA,NA
21-Jul-16,Jungle,9,JC,TF,3,Low,0.007547325,0.041813995,0.970861658,0.049361319,73.1,0.07,2.158543144,0.000162912,0.000902573,0.020956468,0.001065485,1.578051532,-0.027121754,-0.022196313,0.020732144,-0.049318067,0.608720534,-24.82324615,1727.907462,0.112580472,194.5286377
